Search Method,,Metric,Value,Sheet,Parameter,Best Value,Unnamed: 0,precision,recall,f1-score,support
Grid Search,CM1,Accuracy,0.929824561,CM1 Performance Metrics,,,,,,,
Grid Search,CM1,Precision,0.912280702,CM1 Performance Metrics,,,,,,,
Grid Search,CM1,Recall,0.945454545,CM1 Performance Metrics,,,,,,,
Grid Search,CM1,F1 Score,0.928571429,CM1 Performance Metrics,,,,,,,
Grid Search,CM1,AUC,0.961171032,CM1 Performance Metrics,,,,,,,
Grid Search,CM1,,,CM1 Best Hyperparameters,colsample_bytree,0.8,,,,,
Grid Search,CM1,,,CM1 Best Hyperparameters,learning_rate,0.2,,,,,
Grid Search,CM1,,,CM1 Best Hyperparameters,max_depth,3,,,,,
Grid Search,CM1,,,CM1 Best Hyperparameters,min_child_weight,1,,,,,
Grid Search,CM1,,,CM1 Best Hyperparameters,n_estimators,100,,,,,
Grid Search,CM1,,,CM1 Best Hyperparameters,subsample,1,,,,,
Grid Search,,,,CM1 Classification Report,,,0,0.947368421,0.915254237,0.931034483,59
Grid Search,,,,CM1 Classification Report,,,1,0.912280702,0.945454545,0.928571429,55
Grid Search,,,,CM1 Classification Report,,,accuracy,0.929824561,0.929824561,0.929824561,0.929824561
Grid Search,,,,CM1 Classification Report,,,macro avg,0.929824561,0.930354391,0.929802956,114
Grid Search,,,,CM1 Classification Report,,,weighted avg,0.930440135,0.929824561,0.929846167,114
Grid Search,JM1,Accuracy,0.870703764,JM1 Performance Metrics,,,,,,,
Grid Search,JM1,Precision,0.895522388,JM1 Performance Metrics,,,,,,,
Grid Search,JM1,Recall,0.838126541,JM1 Performance Metrics,,,,,,,
Grid Search,JM1,F1 Score,0.865874363,JM1 Performance Metrics,,,,,,,
Grid Search,JM1,AUC,0.940181174,JM1 Performance Metrics,,,,,,,
Grid Search,JM1,,,JM1 Best Hyperparameters,colsample_bytree,1,,,,,
Grid Search,JM1,,,JM1 Best Hyperparameters,learning_rate,0.1,,,,,
Grid Search,JM1,,,JM1 Best Hyperparameters,max_depth,10,,,,,
Grid Search,JM1,,,JM1 Best Hyperparameters,min_child_weight,1,,,,,
Grid Search,JM1,,,JM1 Best Hyperparameters,n_estimators,200,,,,,
Grid Search,JM1,,,JM1 Best Hyperparameters,subsample,0.8,,,,,
Grid Search,,,,JM1 Classification Report,,,0,0.849042146,0.903015485,0.875197472,1227
Grid Search,,,,JM1 Classification Report,,,1,0.895522388,0.838126541,0.865874363,1217
Grid Search,,,,JM1 Classification Report,,,accuracy,0.870703764,0.870703764,0.870703764,0.870703764
Grid Search,,,,JM1 Classification Report,,,macro avg,0.872282267,0.870571013,0.870535918,2444
Grid Search,,,,JM1 Classification Report,,,weighted avg,0.872187176,0.870703764,0.870554991,2444
Grid Search,KC1,Accuracy,0.793103448,KC1 Performance Metrics,,,,,,,
Grid Search,KC1,Precision,0.810457516,KC1 Performance Metrics,,,,,,,
Grid Search,KC1,Recall,0.74251497,KC1 Performance Metrics,,,,,,,
Grid Search,KC1,F1 Score,0.775,KC1 Performance Metrics,,,,,,,
Grid Search,KC1,AUC,0.892149403,KC1 Performance Metrics,,,,,,,
Grid Search,KC1,,,KC1 Best Hyperparameters,colsample_bytree,0.8,,,,,
Grid Search,KC1,,,KC1 Best Hyperparameters,learning_rate,0.1,,,,,
Grid Search,KC1,,,KC1 Best Hyperparameters,max_depth,10,,,,,
Grid Search,KC1,,,KC1 Best Hyperparameters,min_child_weight,3,,,,,
Grid Search,KC1,,,KC1 Best Hyperparameters,n_estimators,200,,,,,
Grid Search,KC1,,,KC1 Best Hyperparameters,subsample,1,,,,,
Grid Search,,,,KC1 Classification Report,,,0,0.779487179,0.839779006,0.808510638,181
Grid Search,,,,KC1 Classification Report,,,1,0.810457516,0.74251497,0.775,167
Grid Search,,,,KC1 Classification Report,,,accuracy,0.793103448,0.793103448,0.793103448,0.793103448
Grid Search,,,,KC1 Classification Report,,,macro avg,0.794972348,0.791146988,0.791755319,348
Grid Search,,,,KC1 Classification Report,,,weighted avg,0.794349381,0.793103448,0.792429384,348
Grid Search,KC3,Accuracy,0.859375,KC3 Performance Metrics,,,,,,,
Grid Search,KC3,Precision,0.828571429,KC3 Performance Metrics,,,,,,,
Grid Search,KC3,Recall,0.90625,KC3 Performance Metrics,,,,,,,
Grid Search,KC3,F1 Score,0.865671642,KC3 Performance Metrics,,,,,,,
Grid Search,KC3,AUC,0.953125,KC3 Performance Metrics,,,,,,,
Grid Search,KC3,,,KC3 Best Hyperparameters,colsample_bytree,1,,,,,
Grid Search,KC3,,,KC3 Best Hyperparameters,learning_rate,0.1,,,,,
Grid Search,KC3,,,KC3 Best Hyperparameters,max_depth,10,,,,,
Grid Search,KC3,,,KC3 Best Hyperparameters,min_child_weight,1,,,,,
Grid Search,KC3,,,KC3 Best Hyperparameters,n_estimators,100,,,,,
Grid Search,KC3,,,KC3 Best Hyperparameters,subsample,1,,,,,
Grid Search,,,,KC3 Classification Report,,,0,0.896551724,0.8125,0.852459016,32
Grid Search,,,,KC3 Classification Report,,,1,0.828571429,0.90625,0.865671642,32
Grid Search,,,,KC3 Classification Report,,,accuracy,0.859375,0.859375,0.859375,0.859375
Grid Search,,,,KC3 Classification Report,,,macro avg,0.862561576,0.859375,0.859065329,64
Grid Search,,,,KC3 Classification Report,,,weighted avg,0.862561576,0.859375,0.859065329,64
Grid Search,MC1,Accuracy,0.990990991,MC1 Performance Metrics,,,,,,,
Grid Search,MC1,Precision,0.986595174,MC1 Performance Metrics,,,,,,,
Grid Search,MC1,Recall,0.994594595,MC1 Performance Metrics,,,,,,,
Grid Search,MC1,F1 Score,0.990578735,MC1 Performance Metrics,,,,,,,
Grid Search,MC1,AUC,0.999296102,MC1 Performance Metrics,,,,,,,
Grid Search,MC1,,,MC1 Best Hyperparameters,colsample_bytree,1,,,,,
Grid Search,MC1,,,MC1 Best Hyperparameters,learning_rate,0.2,,,,,
Grid Search,MC1,,,MC1 Best Hyperparameters,max_depth,3,,,,,
Grid Search,MC1,,,MC1 Best Hyperparameters,min_child_weight,1,,,,,
Grid Search,MC1,,,MC1 Best Hyperparameters,n_estimators,200,,,,,
Grid Search,MC1,,,MC1 Best Hyperparameters,subsample,1,,,,,
Grid Search,,,,MC1 Classification Report,,,0,0.995049505,0.987714988,0.991368681,407
Grid Search,,,,MC1 Classification Report,,,1,0.986595174,0.994594595,0.990578735,370
Grid Search,,,,MC1 Classification Report,,,accuracy,0.990990991,0.990990991,0.990990991,0.990990991
Grid Search,,,,MC1 Classification Report,,,macro avg,0.99082234,0.991154791,0.990973708,777
Grid Search,,,,MC1 Classification Report,,,weighted avg,0.991023633,0.990990991,0.990992516,777
Grid Search,MC2,Accuracy,0.727272727,MC2 Performance Metrics,,,,,,,
Grid Search,MC2,Precision,0.714285714,MC2 Performance Metrics,,,,,,,
Grid Search,MC2,Recall,0.833333333,MC2 Performance Metrics,,,,,,,
Grid Search,MC2,F1 Score,0.769230769,MC2 Performance Metrics,,,,,,,
Grid Search,MC2,AUC,0.844444444,MC2 Performance Metrics,,,,,,,
Grid Search,MC2,,,MC2 Best Hyperparameters,colsample_bytree,1,,,,,
Grid Search,MC2,,,MC2 Best Hyperparameters,learning_rate,0.2,,,,,
Grid Search,MC2,,,MC2 Best Hyperparameters,max_depth,3,,,,,
Grid Search,MC2,,,MC2 Best Hyperparameters,min_child_weight,3,,,,,
Grid Search,MC2,,,MC2 Best Hyperparameters,n_estimators,100,,,,,
Grid Search,MC2,,,MC2 Best Hyperparameters,subsample,0.8,,,,,
Grid Search,,,,MC2 Classification Report,,,0,0.75,0.6,0.666666667,15
Grid Search,,,,MC2 Classification Report,,,1,0.714285714,0.833333333,0.769230769,18
Grid Search,,,,MC2 Classification Report,,,accuracy,0.727272727,0.727272727,0.727272727,0.727272727
Grid Search,,,,MC2 Classification Report,,,macro avg,0.732142857,0.716666667,0.717948718,33
Grid Search,,,,MC2 Classification Report,,,weighted avg,0.730519481,0.727272727,0.722610723,33
Grid Search,MW1,Accuracy,0.956043956,MW1 Performance Metrics,,,,,,,
Grid Search,MW1,Precision,0.941176471,MW1 Performance Metrics,,,,,,,
Grid Search,MW1,Recall,0.979591837,MW1 Performance Metrics,,,,,,,
Grid Search,MW1,F1 Score,0.96,MW1 Performance Metrics,,,,,,,
Grid Search,MW1,AUC,0.984450923,MW1 Performance Metrics,,,,,,,
Grid Search,MW1,,,MW1 Best Hyperparameters,colsample_bytree,0.8,,,,,
Grid Search,MW1,,,MW1 Best Hyperparameters,learning_rate,0.1,,,,,
Grid Search,MW1,,,MW1 Best Hyperparameters,max_depth,3,,,,,
Grid Search,MW1,,,MW1 Best Hyperparameters,min_child_weight,1,,,,,
Grid Search,MW1,,,MW1 Best Hyperparameters,n_estimators,200,,,,,
Grid Search,MW1,,,MW1 Best Hyperparameters,subsample,0.8,,,,,
Grid Search,,,,MW1 Classification Report,,,0,0.975,0.928571429,0.951219512,42
Grid Search,,,,MW1 Classification Report,,,1,0.941176471,0.979591837,0.96,49
Grid Search,,,,MW1 Classification Report,,,accuracy,0.956043956,0.956043956,0.956043956,0.956043956
Grid Search,,,,MW1 Classification Report,,,macro avg,0.958088235,0.954081633,0.955609756,91
Grid Search,,,,MW1 Classification Report,,,weighted avg,0.95678733,0.956043956,0.955947467,91
Grid Search,PC1,Accuracy,0.957364341,PC1 Performance Metrics,,,,,,,
Grid Search,PC1,Precision,0.936507937,PC1 Performance Metrics,,,,,,,
Grid Search,PC1,Recall,0.975206612,PC1 Performance Metrics,,,,,,,
Grid Search,PC1,F1 Score,0.955465587,PC1 Performance Metrics,,,,,,,
Grid Search,PC1,AUC,0.991856186,PC1 Performance Metrics,,,,,,,
Grid Search,PC1,,,PC1 Best Hyperparameters,colsample_bytree,0.8,,,,,
Grid Search,PC1,,,PC1 Best Hyperparameters,learning_rate,0.1,,,,,
Grid Search,PC1,,,PC1 Best Hyperparameters,max_depth,6,,,,,
Grid Search,PC1,,,PC1 Best Hyperparameters,min_child_weight,1,,,,,
Grid Search,PC1,,,PC1 Best Hyperparameters,n_estimators,100,,,,,
Grid Search,PC1,,,PC1 Best Hyperparameters,subsample,1,,,,,
Grid Search,,,,PC1 Classification Report,,,0,0.977272727,0.941605839,0.959107807,137
Grid Search,,,,PC1 Classification Report,,,1,0.936507937,0.975206612,0.955465587,121
Grid Search,,,,PC1 Classification Report,,,accuracy,0.957364341,0.957364341,0.957364341,0.957364341
Grid Search,,,,PC1 Classification Report,,,macro avg,0.956890332,0.958406225,0.957286697,258
Grid Search,,,,PC1 Classification Report,,,weighted avg,0.958154356,0.957364341,0.957399634,258
Grid Search,PC2,Accuracy,0.982876712,PC2 Performance Metrics,,,,,,,
Grid Search,PC2,Precision,0.973684211,PC2 Performance Metrics,,,,,,,
Grid Search,PC2,Recall,0.993288591,PC2 Performance Metrics,,,,,,,
Grid Search,PC2,F1 Score,0.983388704,PC2 Performance Metrics,,,,,,,
Grid Search,PC2,AUC,0.999812268,PC2 Performance Metrics,,,,,,,
Grid Search,PC2,,,PC2 Best Hyperparameters,colsample_bytree,1,,,,,
Grid Search,PC2,,,PC2 Best Hyperparameters,learning_rate,0.2,,,,,
Grid Search,PC2,,,PC2 Best Hyperparameters,max_depth,3,,,,,
Grid Search,PC2,,,PC2 Best Hyperparameters,min_child_weight,1,,,,,
Grid Search,PC2,,,PC2 Best Hyperparameters,n_estimators,200,,,,,
Grid Search,PC2,,,PC2 Best Hyperparameters,subsample,0.8,,,,,
Grid Search,,,,PC2 Classification Report,,,0,0.992857143,0.972027972,0.982332155,143
Grid Search,,,,PC2 Classification Report,,,1,0.973684211,0.993288591,0.983388704,149
Grid Search,,,,PC2 Classification Report,,,accuracy,0.982876712,0.982876712,0.982876712,0.982876712
Grid Search,,,,PC2 Classification Report,,,macro avg,0.983270677,0.982658281,0.98286043,292
Grid Search,,,,PC2 Classification Report,,,weighted avg,0.983073695,0.982876712,0.982871285,292
Grid Search,PC3,Accuracy,0.915343915,PC3 Performance Metrics,,,,,,,
Grid Search,PC3,Precision,0.887804878,PC3 Performance Metrics,,,,,,,
Grid Search,PC3,Recall,0.952879581,PC3 Performance Metrics,,,,,,,
Grid Search,PC3,F1 Score,0.919191919,PC3 Performance Metrics,,,,,,,
Grid Search,PC3,AUC,0.982053364,PC3 Performance Metrics,,,,,,,
Grid Search,PC3,,,PC3 Best Hyperparameters,colsample_bytree,0.8,,,,,
Grid Search,PC3,,,PC3 Best Hyperparameters,learning_rate,0.2,,,,,
Grid Search,PC3,,,PC3 Best Hyperparameters,max_depth,10,,,,,
Grid Search,PC3,,,PC3 Best Hyperparameters,min_child_weight,1,,,,,
Grid Search,PC3,,,PC3 Best Hyperparameters,n_estimators,100,,,,,
Grid Search,PC3,,,PC3 Best Hyperparameters,subsample,1,,,,,
Grid Search,,,,PC3 Classification Report,,,0,0.947976879,0.877005348,0.911111111,187
Grid Search,,,,PC3 Classification Report,,,1,0.887804878,0.952879581,0.919191919,191
Grid Search,,,,PC3 Classification Report,,,accuracy,0.915343915,0.915343915,0.915343915,0.915343915
Grid Search,,,,PC3 Classification Report,,,macro avg,0.917890878,0.914942464,0.915151515,378
Grid Search,,,,PC3 Classification Report,,,weighted avg,0.917572508,0.915343915,0.915194271,378
Grid Search,PC4,Accuracy,0.959459459,PC4 Performance Metrics,,,,,,,
Grid Search,PC4,Precision,0.93697479,PC4 Performance Metrics,,,,,,,
Grid Search,PC4,Recall,0.986725664,PC4 Performance Metrics,,,,,,,
Grid Search,PC4,F1 Score,0.961206897,PC4 Performance Metrics,,,,,,,
Grid Search,PC4,AUC,0.989973208,PC4 Performance Metrics,,,,,,,
Grid Search,PC4,,,PC4 Best Hyperparameters,colsample_bytree,0.8,,,,,
Grid Search,PC4,,,PC4 Best Hyperparameters,learning_rate,0.2,,,,,
Grid Search,PC4,,,PC4 Best Hyperparameters,max_depth,10,,,,,
Grid Search,PC4,,,PC4 Best Hyperparameters,min_child_weight,3,,,,,
Grid Search,PC4,,,PC4 Best Hyperparameters,n_estimators,50,,,,,
Grid Search,PC4,,,PC4 Best Hyperparameters,subsample,1,,,,,
Grid Search,,,,PC4 Classification Report,,,0,0.985436893,0.931192661,0.95754717,218
Grid Search,,,,PC4 Classification Report,,,1,0.93697479,0.986725664,0.961206897,226
Grid Search,,,,PC4 Classification Report,,,accuracy,0.959459459,0.959459459,0.959459459,0.959459459
Grid Search,,,,PC4 Classification Report,,,macro avg,0.961205842,0.958959162,0.959377033,444
Grid Search,,,,PC4 Classification Report,,,weighted avg,0.960769246,0.959459459,0.959410004,444
Random Search,CM1,Accuracy,0.929824561,CM1 Performance Metrics,,,,,,,
Random Search,CM1,Precision,0.912280702,CM1 Performance Metrics,,,,,,,
Random Search,CM1,Recall,0.945454545,CM1 Performance Metrics,,,,,,,
Random Search,CM1,F1 Score,0.928571429,CM1 Performance Metrics,,,,,,,
Random Search,CM1,AUC,0.960246533,CM1 Performance Metrics,,,,,,,
Random Search,CM1,,,CM1 Best Hyperparameters,subsample,0.8,,,,,
Random Search,CM1,,,CM1 Best Hyperparameters,n_estimators,100,,,,,
Random Search,CM1,,,CM1 Best Hyperparameters,min_child_weight,3,,,,,
Random Search,CM1,,,CM1 Best Hyperparameters,max_depth,3,,,,,
Random Search,CM1,,,CM1 Best Hyperparameters,learning_rate,0.2,,,,,
Random Search,CM1,,,CM1 Best Hyperparameters,colsample_bytree,0.8,,,,,
Random Search,,,,CM1 Classification Report,,,0,0.947368421,0.915254237,0.931034483,59
Random Search,,,,CM1 Classification Report,,,1,0.912280702,0.945454545,0.928571429,55
Random Search,,,,CM1 Classification Report,,,accuracy,0.929824561,0.929824561,0.929824561,0.929824561
Random Search,,,,CM1 Classification Report,,,macro avg,0.929824561,0.930354391,0.929802956,114
Random Search,,,,CM1 Classification Report,,,weighted avg,0.930440135,0.929824561,0.929846167,114
Random Search,JM1,Accuracy,0.865384615,JM1 Performance Metrics,,,,,,,
Random Search,JM1,Precision,0.887434555,JM1 Performance Metrics,,,,,,,
Random Search,JM1,Recall,0.835661463,JM1 Performance Metrics,,,,,,,
Random Search,JM1,F1 Score,0.860770207,JM1 Performance Metrics,,,,,,,
Random Search,JM1,AUC,0.932705579,JM1 Performance Metrics,,,,,,,
Random Search,JM1,,,JM1 Best Hyperparameters,subsample,0.8,,,,,
Random Search,JM1,,,JM1 Best Hyperparameters,n_estimators,50,,,,,
Random Search,JM1,,,JM1 Best Hyperparameters,min_child_weight,1,,,,,
Random Search,JM1,,,JM1 Best Hyperparameters,max_depth,10,,,,,
Random Search,JM1,,,JM1 Best Hyperparameters,learning_rate,0.2,,,,,
Random Search,JM1,,,JM1 Best Hyperparameters,colsample_bytree,0.8,,,,,
Random Search,,,,JM1 Classification Report,,,0,0.845916795,0.894865526,0.86970297,1227
Random Search,,,,JM1 Classification Report,,,1,0.887434555,0.835661463,0.860770207,1217
Random Search,,,,JM1 Classification Report,,,accuracy,0.865384615,0.865384615,0.865384615,0.865384615
Random Search,,,,JM1 Classification Report,,,macro avg,0.866675675,0.865263494,0.865236589,2444
Random Search,,,,JM1 Classification Report,,,weighted avg,0.866590737,0.865384615,0.865254864,2444
Random Search,KC1,Accuracy,0.810344828,KC1 Performance Metrics,,,,,,,
Random Search,KC1,Precision,0.825806452,KC1 Performance Metrics,,,,,,,
Random Search,KC1,Recall,0.766467066,KC1 Performance Metrics,,,,,,,
Random Search,KC1,F1 Score,0.795031056,KC1 Performance Metrics,,,,,,,
Random Search,KC1,AUC,0.879313197,KC1 Performance Metrics,,,,,,,
Random Search,KC1,,,KC1 Best Hyperparameters,subsample,0.8,,,,,
Random Search,KC1,,,KC1 Best Hyperparameters,n_estimators,50,,,,,
Random Search,KC1,,,KC1 Best Hyperparameters,min_child_weight,1,,,,,
Random Search,KC1,,,KC1 Best Hyperparameters,max_depth,10,,,,,
Random Search,KC1,,,KC1 Best Hyperparameters,learning_rate,0.2,,,,,
Random Search,KC1,,,KC1 Best Hyperparameters,colsample_bytree,0.8,,,,,
Random Search,,,,KC1 Classification Report,,,0,0.797927461,0.850828729,0.823529412,181
Random Search,,,,KC1 Classification Report,,,1,0.825806452,0.766467066,0.795031056,167
Random Search,,,,KC1 Classification Report,,,accuracy,0.810344828,0.810344828,0.810344828,0.810344828
Random Search,,,,KC1 Classification Report,,,macro avg,0.811866956,0.808647898,0.809280234,348
Random Search,,,,KC1 Classification Report,,,weighted avg,0.811306172,0.810344828,0.809853477,348
Random Search,KC3,Accuracy,0.875,KC3 Performance Metrics,,,,,,,
Random Search,KC3,Precision,0.852941176,KC3 Performance Metrics,,,,,,,
Random Search,KC3,Recall,0.90625,KC3 Performance Metrics,,,,,,,
Random Search,KC3,F1 Score,0.878787879,KC3 Performance Metrics,,,,,,,
Random Search,KC3,AUC,0.952148438,KC3 Performance Metrics,,,,,,,
Random Search,KC3,,,KC3 Best Hyperparameters,subsample,1,,,,,
Random Search,KC3,,,KC3 Best Hyperparameters,n_estimators,100,,,,,
Random Search,KC3,,,KC3 Best Hyperparameters,min_child_weight,1,,,,,
Random Search,KC3,,,KC3 Best Hyperparameters,max_depth,10,,,,,
Random Search,KC3,,,KC3 Best Hyperparameters,learning_rate,0.1,,,,,
Random Search,KC3,,,KC3 Best Hyperparameters,colsample_bytree,0.8,,,,,
Random Search,,,,KC3 Classification Report,,,0,0.9,0.84375,0.870967742,32
Random Search,,,,KC3 Classification Report,,,1,0.852941176,0.90625,0.878787879,32
Random Search,,,,KC3 Classification Report,,,accuracy,0.875,0.875,0.875,0.875
Random Search,,,,KC3 Classification Report,,,macro avg,0.876470588,0.875,0.87487781,64
Random Search,,,,KC3 Classification Report,,,weighted avg,0.876470588,0.875,0.87487781,64
Random Search,MC1,Accuracy,0.987129987,MC1 Performance Metrics,,,,,,,
Random Search,MC1,Precision,0.986486486,MC1 Performance Metrics,,,,,,,
Random Search,MC1,Recall,0.986486486,MC1 Performance Metrics,,,,,,,
Random Search,MC1,F1 Score,0.986486486,MC1 Performance Metrics,,,,,,,
Random Search,MC1,AUC,0.999223056,MC1 Performance Metrics,,,,,,,
Random Search,MC1,,,MC1 Best Hyperparameters,subsample,1,,,,,
Random Search,MC1,,,MC1 Best Hyperparameters,n_estimators,200,,,,,
Random Search,MC1,,,MC1 Best Hyperparameters,min_child_weight,3,,,,,
Random Search,MC1,,,MC1 Best Hyperparameters,max_depth,6,,,,,
Random Search,MC1,,,MC1 Best Hyperparameters,learning_rate,0.2,,,,,
Random Search,MC1,,,MC1 Best Hyperparameters,colsample_bytree,0.8,,,,,
Random Search,,,,MC1 Classification Report,,,0,0.987714988,0.987714988,0.987714988,407
Random Search,,,,MC1 Classification Report,,,1,0.986486486,0.986486486,0.986486486,370
Random Search,,,,MC1 Classification Report,,,accuracy,0.987129987,0.987129987,0.987129987,0.987129987
Random Search,,,,MC1 Classification Report,,,macro avg,0.987100737,0.987100737,0.987100737,777
Random Search,,,,MC1 Classification Report,,,weighted avg,0.987129987,0.987129987,0.987129987,777
Random Search,MC2,Accuracy,0.727272727,MC2 Performance Metrics,,,,,,,
Random Search,MC2,Precision,0.714285714,MC2 Performance Metrics,,,,,,,
Random Search,MC2,Recall,0.833333333,MC2 Performance Metrics,,,,,,,
Random Search,MC2,F1 Score,0.769230769,MC2 Performance Metrics,,,,,,,
Random Search,MC2,AUC,0.844444444,MC2 Performance Metrics,,,,,,,
Random Search,MC2,,,MC2 Best Hyperparameters,subsample,0.8,,,,,
Random Search,MC2,,,MC2 Best Hyperparameters,n_estimators,100,,,,,
Random Search,MC2,,,MC2 Best Hyperparameters,min_child_weight,3,,,,,
Random Search,MC2,,,MC2 Best Hyperparameters,max_depth,6,,,,,
Random Search,MC2,,,MC2 Best Hyperparameters,learning_rate,0.2,,,,,
Random Search,MC2,,,MC2 Best Hyperparameters,colsample_bytree,1,,,,,
Random Search,,,,MC2 Classification Report,,,0,0.75,0.6,0.666666667,15
Random Search,,,,MC2 Classification Report,,,1,0.714285714,0.833333333,0.769230769,18
Random Search,,,,MC2 Classification Report,,,accuracy,0.727272727,0.727272727,0.727272727,0.727272727
Random Search,,,,MC2 Classification Report,,,macro avg,0.732142857,0.716666667,0.717948718,33
Random Search,,,,MC2 Classification Report,,,weighted avg,0.730519481,0.727272727,0.722610723,33
Random Search,MW1,Accuracy,0.934065934,MW1 Performance Metrics,,,,,,,
Random Search,MW1,Precision,0.921568627,MW1 Performance Metrics,,,,,,,
Random Search,MW1,Recall,0.959183673,MW1 Performance Metrics,,,,,,,
Random Search,MW1,F1 Score,0.94,MW1 Performance Metrics,,,,,,,
Random Search,MW1,AUC,0.973760933,MW1 Performance Metrics,,,,,,,
Random Search,MW1,,,MW1 Best Hyperparameters,subsample,0.8,,,,,
Random Search,MW1,,,MW1 Best Hyperparameters,n_estimators,50,,,,,
Random Search,MW1,,,MW1 Best Hyperparameters,min_child_weight,3,,,,,
Random Search,MW1,,,MW1 Best Hyperparameters,max_depth,6,,,,,
Random Search,MW1,,,MW1 Best Hyperparameters,learning_rate,0.2,,,,,
Random Search,MW1,,,MW1 Best Hyperparameters,colsample_bytree,0.8,,,,,
Random Search,,,,MW1 Classification Report,,,0,0.95,0.904761905,0.926829268,42
Random Search,,,,MW1 Classification Report,,,1,0.921568627,0.959183673,0.94,49
Random Search,,,,MW1 Classification Report,,,accuracy,0.934065934,0.934065934,0.934065934,0.934065934
Random Search,,,,MW1 Classification Report,,,macro avg,0.935784314,0.931972789,0.933414634,91
Random Search,,,,MW1 Classification Report,,,weighted avg,0.934690799,0.934065934,0.933921201,91
Random Search,PC1,Accuracy,0.965116279,PC1 Performance Metrics,,,,,,,
Random Search,PC1,Precision,0.951612903,PC1 Performance Metrics,,,,,,,
Random Search,PC1,Recall,0.975206612,PC1 Performance Metrics,,,,,,,
Random Search,PC1,F1 Score,0.963265306,PC1 Performance Metrics,,,,,,,
Random Search,PC1,AUC,0.987512819,PC1 Performance Metrics,,,,,,,
Random Search,PC1,,,PC1 Best Hyperparameters,subsample,0.8,,,,,
Random Search,PC1,,,PC1 Best Hyperparameters,n_estimators,100,,,,,
Random Search,PC1,,,PC1 Best Hyperparameters,min_child_weight,1,,,,,
Random Search,PC1,,,PC1 Best Hyperparameters,max_depth,3,,,,,
Random Search,PC1,,,PC1 Best Hyperparameters,learning_rate,0.2,,,,,
Random Search,PC1,,,PC1 Best Hyperparameters,colsample_bytree,1,,,,,
Random Search,,,,PC1 Classification Report,,,0,0.97761194,0.95620438,0.966789668,137
Random Search,,,,PC1 Classification Report,,,1,0.951612903,0.975206612,0.963265306,121
Random Search,,,,PC1 Classification Report,,,accuracy,0.965116279,0.965116279,0.965116279,0.965116279
Random Search,,,,PC1 Classification Report,,,macro avg,0.964612422,0.965705496,0.965027487,258
Random Search,,,,PC1 Classification Report,,,weighted avg,0.965418593,0.965116279,0.96513677,258
Random Search,PC2,Accuracy,0.979452055,PC2 Performance Metrics,,,,,,,
Random Search,PC2,Precision,0.967320261,PC2 Performance Metrics,,,,,,,
Random Search,PC2,Recall,0.993288591,PC2 Performance Metrics,,,,,,,
Random Search,PC2,F1 Score,0.98013245,PC2 Performance Metrics,,,,,,,
Random Search,PC2,AUC,0.999483738,PC2 Performance Metrics,,,,,,,
Random Search,PC2,,,PC2 Best Hyperparameters,subsample,0.8,,,,,
Random Search,PC2,,,PC2 Best Hyperparameters,n_estimators,200,,,,,
Random Search,PC2,,,PC2 Best Hyperparameters,min_child_weight,3,,,,,
Random Search,PC2,,,PC2 Best Hyperparameters,max_depth,6,,,,,
Random Search,PC2,,,PC2 Best Hyperparameters,learning_rate,0.1,,,,,
Random Search,PC2,,,PC2 Best Hyperparameters,colsample_bytree,0.8,,,,,
Random Search,,,,PC2 Classification Report,,,0,0.992805755,0.965034965,0.978723404,143
Random Search,,,,PC2 Classification Report,,,1,0.967320261,0.993288591,0.98013245,149
Random Search,,,,PC2 Classification Report,,,accuracy,0.979452055,0.979452055,0.979452055,0.979452055
Random Search,,,,PC2 Classification Report,,,macro avg,0.980063008,0.979161778,0.979427927,292
Random Search,,,,PC2 Classification Report,,,weighted avg,0.979801171,0.979452055,0.979442404,292
Random Search,PC3,Accuracy,0.923280423,PC3 Performance Metrics,,,,,,,
Random Search,PC3,Precision,0.893203883,PC3 Performance Metrics,,,,,,,
Random Search,PC3,Recall,0.963350785,PC3 Performance Metrics,,,,,,,
Random Search,PC3,F1 Score,0.926952141,PC3 Performance Metrics,,,,,,,
Random Search,PC3,AUC,0.984181202,PC3 Performance Metrics,,,,,,,
Random Search,PC3,,,PC3 Best Hyperparameters,subsample,1,,,,,
Random Search,PC3,,,PC3 Best Hyperparameters,n_estimators,100,,,,,
Random Search,PC3,,,PC3 Best Hyperparameters,min_child_weight,1,,,,,
Random Search,PC3,,,PC3 Best Hyperparameters,max_depth,10,,,,,
Random Search,PC3,,,PC3 Best Hyperparameters,learning_rate,0.1,,,,,
Random Search,PC3,,,PC3 Best Hyperparameters,colsample_bytree,0.8,,,,,
Random Search,,,,PC3 Classification Report,,,0,0.959302326,0.882352941,0.919220056,187
Random Search,,,,PC3 Classification Report,,,1,0.893203883,0.963350785,0.926952141,191
Random Search,,,,PC3 Classification Report,,,accuracy,0.923280423,0.923280423,0.923280423,0.923280423
Random Search,,,,PC3 Classification Report,,,macro avg,0.926253105,0.922851863,0.923086098,378
Random Search,,,,PC3 Classification Report,,,weighted avg,0.925903377,0.923280423,0.923127009,378
Random Search,PC4,Accuracy,0.954954955,PC4 Performance Metrics,,,,,,,
Random Search,PC4,Precision,0.929166667,PC4 Performance Metrics,,,,,,,
Random Search,PC4,Recall,0.986725664,PC4 Performance Metrics,,,,,,,
Random Search,PC4,F1 Score,0.957081545,PC4 Performance Metrics,,,,,,,
Random Search,PC4,AUC,0.993078672,PC4 Performance Metrics,,,,,,,
Random Search,PC4,,,PC4 Best Hyperparameters,subsample,1,,,,,
Random Search,PC4,,,PC4 Best Hyperparameters,n_estimators,100,,,,,
Random Search,PC4,,,PC4 Best Hyperparameters,min_child_weight,1,,,,,
Random Search,PC4,,,PC4 Best Hyperparameters,max_depth,10,,,,,
Random Search,PC4,,,PC4 Best Hyperparameters,learning_rate,0.1,,,,,
Random Search,PC4,,,PC4 Best Hyperparameters,colsample_bytree,0.8,,,,,
Random Search,,,,PC4 Classification Report,,,0,0.985294118,0.922018349,0.952606635,218
Random Search,,,,PC4 Classification Report,,,1,0.929166667,0.986725664,0.957081545,226
Random Search,,,,PC4 Classification Report,,,accuracy,0.954954955,0.954954955,0.954954955,0.954954955
Random Search,,,,PC4 Classification Report,,,macro avg,0.957230392,0.954372006,0.95484409,444
Random Search,,,,PC4 Classification Report,,,weighted avg,0.956724739,0.954954955,0.954884405,444
Bayesian Search,CM1,Accuracy,0.921052632,CM1 Performance Metrics,,,,,,,
Bayesian Search,CM1,Precision,0.896551724,CM1 Performance Metrics,,,,,,,
Bayesian Search,CM1,Recall,0.945454545,CM1 Performance Metrics,,,,,,,
Bayesian Search,CM1,F1 Score,0.920353982,CM1 Performance Metrics,,,,,,,
Bayesian Search,CM1,AUC,0.972265023,CM1 Performance Metrics,,,,,,,
Bayesian Search,CM1,,,CM1 Best Hyperparameters,colsample_bytree,0.805444361,,,,,
Bayesian Search,CM1,,,CM1 Best Hyperparameters,learning_rate,0.099936923,,,,,
Bayesian Search,CM1,,,CM1 Best Hyperparameters,max_depth,10,,,,,
Bayesian Search,CM1,,,CM1 Best Hyperparameters,min_child_weight,1,,,,,
Bayesian Search,CM1,,,CM1 Best Hyperparameters,n_estimators,300,,,,,
Bayesian Search,CM1,,,CM1 Best Hyperparameters,subsample,0.883493672,,,,,
Bayesian Search,,,,CM1 Classification Report,,,0,0.946428571,0.898305085,0.92173913,59
Bayesian Search,,,,CM1 Classification Report,,,1,0.896551724,0.945454545,0.920353982,55
Bayesian Search,,,,CM1 Classification Report,,,accuracy,0.921052632,0.921052632,0.921052632,0.921052632
Bayesian Search,,,,CM1 Classification Report,,,macro avg,0.921490148,0.921879815,0.921046556,114
Bayesian Search,,,,CM1 Classification Report,,,weighted avg,0.92236518,0.921052632,0.921070857,114
Bayesian Search,JM1,Accuracy,0.870703764,JM1 Performance Metrics,,,,,,,
Bayesian Search,JM1,Precision,0.894138233,JM1 Performance Metrics,,,,,,,
Bayesian Search,JM1,Recall,0.839769926,JM1 Performance Metrics,,,,,,,
Bayesian Search,JM1,F1 Score,0.866101695,JM1 Performance Metrics,,,,,,,
Bayesian Search,JM1,AUC,0.940450384,JM1 Performance Metrics,,,,,,,
Bayesian Search,JM1,,,JM1 Best Hyperparameters,colsample_bytree,1,,,,,
Bayesian Search,JM1,,,JM1 Best Hyperparameters,learning_rate,0.063057288,,,,,
Bayesian Search,JM1,,,JM1 Best Hyperparameters,max_depth,10,,,,,
Bayesian Search,JM1,,,JM1 Best Hyperparameters,min_child_weight,1,,,,,
Bayesian Search,JM1,,,JM1 Best Hyperparameters,n_estimators,300,,,,,
Bayesian Search,JM1,,,JM1 Best Hyperparameters,subsample,0.8,,,,,
Bayesian Search,,,,JM1 Classification Report,,,0,0.850115296,0.901385493,0.875,1227
Bayesian Search,,,,JM1 Classification Report,,,1,0.894138233,0.839769926,0.866101695,1217
Bayesian Search,,,,JM1 Classification Report,,,accuracy,0.870703764,0.870703764,0.870703764,0.870703764
Bayesian Search,,,,JM1 Classification Report,,,macro avg,0.872126764,0.87057771,0.870550847,2444
Bayesian Search,,,,JM1 Classification Report,,,weighted avg,0.872036701,0.870703764,0.870569052,2444
Bayesian Search,KC1,Accuracy,0.818965517,KC1 Performance Metrics,,,,,,,
Bayesian Search,KC1,Precision,0.825,KC1 Performance Metrics,,,,,,,
Bayesian Search,KC1,Recall,0.790419162,KC1 Performance Metrics,,,,,,,
Bayesian Search,KC1,F1 Score,0.80733945,KC1 Performance Metrics,,,,,,,
Bayesian Search,KC1,AUC,0.898468257,KC1 Performance Metrics,,,,,,,
Bayesian Search,KC1,,,KC1 Best Hyperparameters,colsample_bytree,0.800726061,,,,,
Bayesian Search,KC1,,,KC1 Best Hyperparameters,learning_rate,0.161448534,,,,,
Bayesian Search,KC1,,,KC1 Best Hyperparameters,max_depth,8,,,,,
Bayesian Search,KC1,,,KC1 Best Hyperparameters,min_child_weight,3,,,,,
Bayesian Search,KC1,,,KC1 Best Hyperparameters,n_estimators,195,,,,,
Bayesian Search,KC1,,,KC1 Best Hyperparameters,subsample,0.85494297,,,,,
Bayesian Search,,,,KC1 Classification Report,,,0,0.813829787,0.845303867,0.829268293,181
Bayesian Search,,,,KC1 Classification Report,,,1,0.825,0.790419162,0.80733945,167
Bayesian Search,,,,KC1 Classification Report,,,accuracy,0.818965517,0.818965517,0.818965517,0.818965517
Bayesian Search,,,,KC1 Classification Report,,,macro avg,0.819414894,0.817861515,0.818303871,348
Bayesian Search,,,,KC1 Classification Report,,,weighted avg,0.819190205,0.818965517,0.818744969,348
Bayesian Search,KC3,Accuracy,0.859375,KC3 Performance Metrics,,,,,,,
Bayesian Search,KC3,Precision,0.828571429,KC3 Performance Metrics,,,,,,,
Bayesian Search,KC3,Recall,0.90625,KC3 Performance Metrics,,,,,,,
Bayesian Search,KC3,F1 Score,0.865671642,KC3 Performance Metrics,,,,,,,
Bayesian Search,KC3,AUC,0.955078125,KC3 Performance Metrics,,,,,,,
Bayesian Search,KC3,,,KC3 Best Hyperparameters,colsample_bytree,0.800831146,,,,,
Bayesian Search,KC3,,,KC3 Best Hyperparameters,learning_rate,0.02850154,,,,,
Bayesian Search,KC3,,,KC3 Best Hyperparameters,max_depth,6,,,,,
Bayesian Search,KC3,,,KC3 Best Hyperparameters,min_child_weight,1,,,,,
Bayesian Search,KC3,,,KC3 Best Hyperparameters,n_estimators,300,,,,,
Bayesian Search,KC3,,,KC3 Best Hyperparameters,subsample,0.955507219,,,,,
Bayesian Search,,,,KC3 Classification Report,,,0,0.896551724,0.8125,0.852459016,32
Bayesian Search,,,,KC3 Classification Report,,,1,0.828571429,0.90625,0.865671642,32
Bayesian Search,,,,KC3 Classification Report,,,accuracy,0.859375,0.859375,0.859375,0.859375
Bayesian Search,,,,KC3 Classification Report,,,macro avg,0.862561576,0.859375,0.859065329,64
Bayesian Search,,,,KC3 Classification Report,,,weighted avg,0.862561576,0.859375,0.859065329,64
Bayesian Search,MC1,Accuracy,0.990990991,MC1 Performance Metrics,,,,,,,
Bayesian Search,MC1,Precision,0.986595174,MC1 Performance Metrics,,,,,,,
Bayesian Search,MC1,Recall,0.994594595,MC1 Performance Metrics,,,,,,,
Bayesian Search,MC1,F1 Score,0.990578735,MC1 Performance Metrics,,,,,,,
Bayesian Search,MC1,AUC,0.999329305,MC1 Performance Metrics,,,,,,,
Bayesian Search,MC1,,,MC1 Best Hyperparameters,colsample_bytree,0.8,,,,,
Bayesian Search,MC1,,,MC1 Best Hyperparameters,learning_rate,0.120684804,,,,,
Bayesian Search,MC1,,,MC1 Best Hyperparameters,max_depth,3,,,,,
Bayesian Search,MC1,,,MC1 Best Hyperparameters,min_child_weight,1,,,,,
Bayesian Search,MC1,,,MC1 Best Hyperparameters,n_estimators,300,,,,,
Bayesian Search,MC1,,,MC1 Best Hyperparameters,subsample,1,,,,,
Bayesian Search,,,,MC1 Classification Report,,,0,0.995049505,0.987714988,0.991368681,407
Bayesian Search,,,,MC1 Classification Report,,,1,0.986595174,0.994594595,0.990578735,370
Bayesian Search,,,,MC1 Classification Report,,,accuracy,0.990990991,0.990990991,0.990990991,0.990990991
Bayesian Search,,,,MC1 Classification Report,,,macro avg,0.99082234,0.991154791,0.990973708,777
Bayesian Search,,,,MC1 Classification Report,,,weighted avg,0.991023633,0.990990991,0.990992516,777
Bayesian Search,MC2,Accuracy,0.818181818,MC2 Performance Metrics,,,,,,,
Bayesian Search,MC2,Precision,0.772727273,MC2 Performance Metrics,,,,,,,
Bayesian Search,MC2,Recall,0.944444444,MC2 Performance Metrics,,,,,,,
Bayesian Search,MC2,F1 Score,0.85,MC2 Performance Metrics,,,,,,,
Bayesian Search,MC2,AUC,0.896296296,MC2 Performance Metrics,,,,,,,
Bayesian Search,MC2,,,MC2 Best Hyperparameters,colsample_bytree,0.858108532,,,,,
Bayesian Search,MC2,,,MC2 Best Hyperparameters,learning_rate,0.3,,,,,
Bayesian Search,MC2,,,MC2 Best Hyperparameters,max_depth,5,,,,,
Bayesian Search,MC2,,,MC2 Best Hyperparameters,min_child_weight,2,,,,,
Bayesian Search,MC2,,,MC2 Best Hyperparameters,n_estimators,255,,,,,
Bayesian Search,MC2,,,MC2 Best Hyperparameters,subsample,0.81293423,,,,,
Bayesian Search,,,,MC2 Classification Report,,,0,0.909090909,0.666666667,0.769230769,15
Bayesian Search,,,,MC2 Classification Report,,,1,0.772727273,0.944444444,0.85,18
Bayesian Search,,,,MC2 Classification Report,,,accuracy,0.818181818,0.818181818,0.818181818,0.818181818
Bayesian Search,,,,MC2 Classification Report,,,macro avg,0.840909091,0.805555556,0.809615385,33
Bayesian Search,,,,MC2 Classification Report,,,weighted avg,0.834710744,0.818181818,0.813286713,33
Bayesian Search,MW1,Accuracy,0.934065934,MW1 Performance Metrics,,,,,,,
Bayesian Search,MW1,Precision,0.905660377,MW1 Performance Metrics,,,,,,,
Bayesian Search,MW1,Recall,0.979591837,MW1 Performance Metrics,,,,,,,
Bayesian Search,MW1,F1 Score,0.941176471,MW1 Performance Metrics,,,,,,,
Bayesian Search,MW1,AUC,0.978134111,MW1 Performance Metrics,,,,,,,
Bayesian Search,MW1,,,MW1 Best Hyperparameters,colsample_bytree,1,,,,,
Bayesian Search,MW1,,,MW1 Best Hyperparameters,learning_rate,0.230578921,,,,,
Bayesian Search,MW1,,,MW1 Best Hyperparameters,max_depth,10,,,,,
Bayesian Search,MW1,,,MW1 Best Hyperparameters,min_child_weight,1,,,,,
Bayesian Search,MW1,,,MW1 Best Hyperparameters,n_estimators,50,,,,,
Bayesian Search,MW1,,,MW1 Best Hyperparameters,subsample,0.82725789,,,,,
Bayesian Search,,,,MW1 Classification Report,,,0,0.973684211,0.880952381,0.925,42
Bayesian Search,,,,MW1 Classification Report,,,1,0.905660377,0.979591837,0.941176471,49
Bayesian Search,,,,MW1 Classification Report,,,accuracy,0.934065934,0.934065934,0.934065934,0.934065934
Bayesian Search,,,,MW1 Classification Report,,,macro avg,0.939672294,0.930272109,0.933088235,91
Bayesian Search,,,,MW1 Classification Report,,,weighted avg,0.937055993,0.934065934,0.933710407,91
Bayesian Search,PC1,Accuracy,0.957364341,PC1 Performance Metrics,,,,,,,
Bayesian Search,PC1,Precision,0.936507937,PC1 Performance Metrics,,,,,,,
Bayesian Search,PC1,Recall,0.975206612,PC1 Performance Metrics,,,,,,,
Bayesian Search,PC1,F1 Score,0.955465587,PC1 Performance Metrics,,,,,,,
Bayesian Search,PC1,AUC,0.991313265,PC1 Performance Metrics,,,,,,,
Bayesian Search,PC1,,,PC1 Best Hyperparameters,colsample_bytree,0.818629396,,,,,
Bayesian Search,PC1,,,PC1 Best Hyperparameters,learning_rate,0.063494842,,,,,
Bayesian Search,PC1,,,PC1 Best Hyperparameters,max_depth,10,,,,,
Bayesian Search,PC1,,,PC1 Best Hyperparameters,min_child_weight,1,,,,,
Bayesian Search,PC1,,,PC1 Best Hyperparameters,n_estimators,300,,,,,
Bayesian Search,PC1,,,PC1 Best Hyperparameters,subsample,1,,,,,
Bayesian Search,,,,PC1 Classification Report,,,0,0.977272727,0.941605839,0.959107807,137
Bayesian Search,,,,PC1 Classification Report,,,1,0.936507937,0.975206612,0.955465587,121
Bayesian Search,,,,PC1 Classification Report,,,accuracy,0.957364341,0.957364341,0.957364341,0.957364341
Bayesian Search,,,,PC1 Classification Report,,,macro avg,0.956890332,0.958406225,0.957286697,258
Bayesian Search,,,,PC1 Classification Report,,,weighted avg,0.958154356,0.957364341,0.957399634,258
Bayesian Search,PC2,Accuracy,0.98630137,PC2 Performance Metrics,,,,,,,
Bayesian Search,PC2,Precision,0.98013245,PC2 Performance Metrics,,,,,,,
Bayesian Search,PC2,Recall,0.993288591,PC2 Performance Metrics,,,,,,,
Bayesian Search,PC2,F1 Score,0.986666667,PC2 Performance Metrics,,,,,,,
Bayesian Search,PC2,AUC,0.999765335,PC2 Performance Metrics,,,,,,,
Bayesian Search,PC2,,,PC2 Best Hyperparameters,colsample_bytree,0.8,,,,,
Bayesian Search,PC2,,,PC2 Best Hyperparameters,learning_rate,0.153692666,,,,,
Bayesian Search,PC2,,,PC2 Best Hyperparameters,max_depth,10,,,,,
Bayesian Search,PC2,,,PC2 Best Hyperparameters,min_child_weight,1,,,,,
Bayesian Search,PC2,,,PC2 Best Hyperparameters,n_estimators,300,,,,,
Bayesian Search,PC2,,,PC2 Best Hyperparameters,subsample,0.8,,,,,
Bayesian Search,,,,PC2 Classification Report,,,0,0.992907801,0.979020979,0.985915493,143
Bayesian Search,,,,PC2 Classification Report,,,1,0.98013245,0.993288591,0.986666667,149
Bayesian Search,,,,PC2 Classification Report,,,accuracy,0.98630137,0.98630137,0.98630137,0.98630137
Bayesian Search,,,,PC2 Classification Report,,,macro avg,0.986520126,0.986154785,0.98629108,292
Bayesian Search,,,,PC2 Classification Report,,,weighted avg,0.986388872,0.98630137,0.986298797,292
Bayesian Search,PC3,Accuracy,0.923280423,PC3 Performance Metrics,,,,,,,
Bayesian Search,PC3,Precision,0.893203883,PC3 Performance Metrics,,,,,,,
Bayesian Search,PC3,Recall,0.963350785,PC3 Performance Metrics,,,,,,,
Bayesian Search,PC3,F1 Score,0.926952141,PC3 Performance Metrics,,,,,,,
Bayesian Search,PC3,AUC,0.984041213,PC3 Performance Metrics,,,,,,,
Bayesian Search,PC3,,,PC3 Best Hyperparameters,colsample_bytree,1,,,,,
Bayesian Search,PC3,,,PC3 Best Hyperparameters,learning_rate,0.03877692,,,,,
Bayesian Search,PC3,,,PC3 Best Hyperparameters,max_depth,10,,,,,
Bayesian Search,PC3,,,PC3 Best Hyperparameters,min_child_weight,1,,,,,
Bayesian Search,PC3,,,PC3 Best Hyperparameters,n_estimators,300,,,,,
Bayesian Search,PC3,,,PC3 Best Hyperparameters,subsample,0.957209924,,,,,
Bayesian Search,,,,PC3 Classification Report,,,0,0.959302326,0.882352941,0.919220056,187
Bayesian Search,,,,PC3 Classification Report,,,1,0.893203883,0.963350785,0.926952141,191
Bayesian Search,,,,PC3 Classification Report,,,accuracy,0.923280423,0.923280423,0.923280423,0.923280423
Bayesian Search,,,,PC3 Classification Report,,,macro avg,0.926253105,0.922851863,0.923086098,378
Bayesian Search,,,,PC3 Classification Report,,,weighted avg,0.925903377,0.923280423,0.923127009,378
Bayesian Search,PC4,Accuracy,0.959459459,PC4 Performance Metrics,,,,,,,
Bayesian Search,PC4,Precision,0.940677966,PC4 Performance Metrics,,,,,,,
Bayesian Search,PC4,Recall,0.982300885,PC4 Performance Metrics,,,,,,,
Bayesian Search,PC4,F1 Score,0.961038961,PC4 Performance Metrics,,,,,,,
Bayesian Search,PC4,AUC,0.99088658,PC4 Performance Metrics,,,,,,,
Bayesian Search,PC4,,,PC4 Best Hyperparameters,colsample_bytree,0.800726061,,,,,
Bayesian Search,PC4,,,PC4 Best Hyperparameters,learning_rate,0.161448534,,,,,
Bayesian Search,PC4,,,PC4 Best Hyperparameters,max_depth,8,,,,,
Bayesian Search,PC4,,,PC4 Best Hyperparameters,min_child_weight,3,,,,,
Bayesian Search,PC4,,,PC4 Best Hyperparameters,n_estimators,195,,,,,
Bayesian Search,PC4,,,PC4 Best Hyperparameters,subsample,0.85494297,,,,,
Bayesian Search,,,,PC4 Classification Report,,,0,0.980769231,0.935779817,0.957746479,218
Bayesian Search,,,,PC4 Classification Report,,,1,0.940677966,0.982300885,0.961038961,226
Bayesian Search,,,,PC4 Classification Report,,,accuracy,0.959459459,0.959459459,0.959459459,0.959459459
Bayesian Search,,,,PC4 Classification Report,,,macro avg,0.960723598,0.959040351,0.95939272,444
Bayesian Search,,,,PC4 Classification Report,,,weighted avg,0.960362416,0.959459459,0.959422382,444
Genetic Algorithm,CM1,Accuracy,0.956140351,CM1 Performance Metrics,,,,,,,
Genetic Algorithm,CM1,Precision,0.946428571,CM1 Performance Metrics,,,,,,,
Genetic Algorithm,CM1,Recall,0.963636364,CM1 Performance Metrics,,,,,,,
Genetic Algorithm,CM1,F1 Score,0.954954955,CM1 Performance Metrics,,,,,,,
Genetic Algorithm,CM1,AUC,0.965485362,CM1 Performance Metrics,,,,,,,
Genetic Algorithm,CM1,,,CM1 Best Hyperparameters,n_estimators,143,,,,,
Genetic Algorithm,CM1,,,CM1 Best Hyperparameters,max_depth,14,,,,,
Genetic Algorithm,CM1,,,CM1 Best Hyperparameters,learning_rate,0.199752701,,,,,
Genetic Algorithm,CM1,,,CM1 Best Hyperparameters,min_child_weight,3,,,,,
Genetic Algorithm,CM1,,,CM1 Best Hyperparameters,subsample,0.607670006,,,,,
Genetic Algorithm,CM1,,,CM1 Best Hyperparameters,colsample_bytree,0.76227826,,,,,
Genetic Algorithm,,,,CM1 Classification Report,,,0,0.965517241,0.949152542,0.957264957,59
Genetic Algorithm,,,,CM1 Classification Report,,,1,0.946428571,0.963636364,0.954954955,55
Genetic Algorithm,,,,CM1 Classification Report,,,accuracy,0.956140351,0.956140351,0.956140351,0.956140351
Genetic Algorithm,,,,CM1 Classification Report,,,macro avg,0.955972906,0.956394453,0.956109956,114
Genetic Algorithm,,,,CM1 Classification Report,,,weighted avg,0.956307795,0.956140351,0.956150482,114
Genetic Algorithm,JM1,Accuracy,0.875613748,JM1 Performance Metrics,,,,,,,
Genetic Algorithm,JM1,Precision,0.890504705,JM1 Performance Metrics,,,,,,,
Genetic Algorithm,JM1,Recall,0.855382087,JM1 Performance Metrics,,,,,,,
Genetic Algorithm,JM1,F1 Score,0.872590109,JM1 Performance Metrics,,,,,,,
Genetic Algorithm,JM1,AUC,0.93826724,JM1 Performance Metrics,,,,,,,
Genetic Algorithm,JM1,,,JM1 Best Hyperparameters,n_estimators,119,,,,,
Genetic Algorithm,JM1,,,JM1 Best Hyperparameters,max_depth,14,,,,,
Genetic Algorithm,JM1,,,JM1 Best Hyperparameters,learning_rate,0.136295593,,,,,
Genetic Algorithm,JM1,,,JM1 Best Hyperparameters,min_child_weight,2,,,,,
Genetic Algorithm,JM1,,,JM1 Best Hyperparameters,subsample,0.507269297,,,,,
Genetic Algorithm,JM1,,,JM1 Best Hyperparameters,colsample_bytree,0.577192405,,,,,
Genetic Algorithm,,,,JM1 Classification Report,,,0,0.861960784,0.895680522,0.878497202,1227
Genetic Algorithm,,,,JM1 Classification Report,,,1,0.890504705,0.855382087,0.872590109,1217
Genetic Algorithm,,,,JM1 Classification Report,,,accuracy,0.875613748,0.875613748,0.875613748,0.875613748
Genetic Algorithm,,,,JM1 Classification Report,,,macro avg,0.876232745,0.875531304,0.875543656,2444
Genetic Algorithm,,,,JM1 Classification Report,,,weighted avg,0.876174349,0.875613748,0.87555574,2444
Genetic Algorithm,KC1,Accuracy,0.844827586,KC1 Performance Metrics,,,,,,,
Genetic Algorithm,KC1,Precision,0.864516129,KC1 Performance Metrics,,,,,,,
Genetic Algorithm,KC1,Recall,0.80239521,KC1 Performance Metrics,,,,,,,
Genetic Algorithm,KC1,F1 Score,0.832298137,KC1 Performance Metrics,,,,,,,
Genetic Algorithm,KC1,AUC,0.894365964,KC1 Performance Metrics,,,,,,,
Genetic Algorithm,KC1,,,KC1 Best Hyperparameters,n_estimators,149,,,,,
Genetic Algorithm,KC1,,,KC1 Best Hyperparameters,max_depth,11,,,,,
Genetic Algorithm,KC1,,,KC1 Best Hyperparameters,learning_rate,0.090655442,,,,,
Genetic Algorithm,KC1,,,KC1 Best Hyperparameters,min_child_weight,1,,,,,
Genetic Algorithm,KC1,,,KC1 Best Hyperparameters,subsample,0.629615571,,,,,
Genetic Algorithm,KC1,,,KC1 Best Hyperparameters,colsample_bytree,0.965438925,,,,,
Genetic Algorithm,,,,KC1 Classification Report,,,0,0.829015544,0.883977901,0.855614973,181
Genetic Algorithm,,,,KC1 Classification Report,,,1,0.864516129,0.80239521,0.832298137,167
Genetic Algorithm,,,,KC1 Classification Report,,,accuracy,0.844827586,0.844827586,0.844827586,0.844827586
Genetic Algorithm,,,,KC1 Classification Report,,,macro avg,0.846765837,0.843186555,0.843956555,348
Genetic Algorithm,,,,KC1 Classification Report,,,weighted avg,0.846051744,0.844827586,0.844425572,348
Genetic Algorithm,KC3,Accuracy,0.921875,KC3 Performance Metrics,,,,,,,
Genetic Algorithm,KC3,Precision,0.935483871,KC3 Performance Metrics,,,,,,,
Genetic Algorithm,KC3,Recall,0.90625,KC3 Performance Metrics,,,,,,,
Genetic Algorithm,KC3,F1 Score,0.920634921,KC3 Performance Metrics,,,,,,,
Genetic Algorithm,KC3,AUC,0.908691406,KC3 Performance Metrics,,,,,,,
Genetic Algorithm,KC3,,,KC3 Best Hyperparameters,n_estimators,55,,,,,
Genetic Algorithm,KC3,,,KC3 Best Hyperparameters,max_depth,9,,,,,
Genetic Algorithm,KC3,,,KC3 Best Hyperparameters,learning_rate,0.06857089,,,,,
Genetic Algorithm,KC3,,,KC3 Best Hyperparameters,min_child_weight,8,,,,,
Genetic Algorithm,KC3,,,KC3 Best Hyperparameters,subsample,0.999445566,,,,,
Genetic Algorithm,KC3,,,KC3 Best Hyperparameters,colsample_bytree,0.792909409,,,,,
Genetic Algorithm,,,,KC3 Classification Report,,,0,0.909090909,0.9375,0.923076923,32
Genetic Algorithm,,,,KC3 Classification Report,,,1,0.935483871,0.90625,0.920634921,32
Genetic Algorithm,,,,KC3 Classification Report,,,accuracy,0.921875,0.921875,0.921875,0.921875
Genetic Algorithm,,,,KC3 Classification Report,,,macro avg,0.92228739,0.921875,0.921855922,64
Genetic Algorithm,,,,KC3 Classification Report,,,weighted avg,0.92228739,0.921875,0.921855922,64
Genetic Algorithm,MC1,Accuracy,0.996138996,MC1 Performance Metrics,,,,,,,
Genetic Algorithm,MC1,Precision,0.994609164,MC1 Performance Metrics,,,,,,,
Genetic Algorithm,MC1,Recall,0.997297297,MC1 Performance Metrics,,,,,,,
Genetic Algorithm,MC1,F1 Score,0.995951417,MC1 Performance Metrics,,,,,,,
Genetic Algorithm,MC1,AUC,0.999435553,MC1 Performance Metrics,,,,,,,
Genetic Algorithm,MC1,,,MC1 Best Hyperparameters,n_estimators,90,,,,,
Genetic Algorithm,MC1,,,MC1 Best Hyperparameters,max_depth,5,,,,,
Genetic Algorithm,MC1,,,MC1 Best Hyperparameters,learning_rate,0.164278464,,,,,
Genetic Algorithm,MC1,,,MC1 Best Hyperparameters,min_child_weight,3,,,,,
Genetic Algorithm,MC1,,,MC1 Best Hyperparameters,subsample,0.898061636,,,,,
Genetic Algorithm,MC1,,,MC1 Best Hyperparameters,colsample_bytree,0.538112319,,,,,
Genetic Algorithm,,,,MC1 Classification Report,,,0,0.997536946,0.995085995,0.996309963,407
Genetic Algorithm,,,,MC1 Classification Report,,,1,0.994609164,0.997297297,0.995951417,370
Genetic Algorithm,,,,MC1 Classification Report,,,accuracy,0.996138996,0.996138996,0.996138996,0.996138996
Genetic Algorithm,,,,MC1 Classification Report,,,macro avg,0.996073055,0.996191646,0.99613069,777
Genetic Algorithm,,,,MC1 Classification Report,,,weighted avg,0.996142764,0.996138996,0.996139227,777
Genetic Algorithm,MC2,Accuracy,0.848484848,MC2 Performance Metrics,,,,,,,
Genetic Algorithm,MC2,Precision,0.80952381,MC2 Performance Metrics,,,,,,,
Genetic Algorithm,MC2,Recall,0.944444444,MC2 Performance Metrics,,,,,,,
Genetic Algorithm,MC2,F1 Score,0.871794872,MC2 Performance Metrics,,,,,,,
Genetic Algorithm,MC2,AUC,0.918518519,MC2 Performance Metrics,,,,,,,
Genetic Algorithm,MC2,,,MC2 Best Hyperparameters,n_estimators,243,,,,,
Genetic Algorithm,MC2,,,MC2 Best Hyperparameters,max_depth,9,,,,,
Genetic Algorithm,MC2,,,MC2 Best Hyperparameters,learning_rate,0.215389576,,,,,
Genetic Algorithm,MC2,,,MC2 Best Hyperparameters,min_child_weight,3,,,,,
Genetic Algorithm,MC2,,,MC2 Best Hyperparameters,subsample,0.842407929,,,,,
Genetic Algorithm,MC2,,,MC2 Best Hyperparameters,colsample_bytree,0.532346702,,,,,
Genetic Algorithm,,,,MC2 Classification Report,,,0,0.916666667,0.733333333,0.814814815,15
Genetic Algorithm,,,,MC2 Classification Report,,,1,0.80952381,0.944444444,0.871794872,18
Genetic Algorithm,,,,MC2 Classification Report,,,accuracy,0.848484848,0.848484848,0.848484848,0.848484848
Genetic Algorithm,,,,MC2 Classification Report,,,macro avg,0.863095238,0.838888889,0.843304843,33
Genetic Algorithm,,,,MC2 Classification Report,,,weighted avg,0.858225108,0.848484848,0.845894846,33
Genetic Algorithm,MW1,Accuracy,0.967032967,MW1 Performance Metrics,,,,,,,
Genetic Algorithm,MW1,Precision,0.96,MW1 Performance Metrics,,,,,,,
Genetic Algorithm,MW1,Recall,0.979591837,MW1 Performance Metrics,,,,,,,
Genetic Algorithm,MW1,F1 Score,0.96969697,MW1 Performance Metrics,,,,,,,
Genetic Algorithm,MW1,AUC,0.984936832,MW1 Performance Metrics,,,,,,,
Genetic Algorithm,MW1,,,MW1 Best Hyperparameters,n_estimators,138,,,,,
Genetic Algorithm,MW1,,,MW1 Best Hyperparameters,max_depth,12,,,,,
Genetic Algorithm,MW1,,,MW1 Best Hyperparameters,learning_rate,0.15132835,,,,,
Genetic Algorithm,MW1,,,MW1 Best Hyperparameters,min_child_weight,1,,,,,
Genetic Algorithm,MW1,,,MW1 Best Hyperparameters,subsample,0.939489521,,,,,
Genetic Algorithm,MW1,,,MW1 Best Hyperparameters,colsample_bytree,0.714807724,,,,,
Genetic Algorithm,,,,MW1 Classification Report,,,0,0.975609756,0.952380952,0.963855422,42
Genetic Algorithm,,,,MW1 Classification Report,,,1,0.96,0.979591837,0.96969697,49
Genetic Algorithm,,,,MW1 Classification Report,,,accuracy,0.967032967,0.967032967,0.967032967,0.967032967
Genetic Algorithm,,,,MW1 Classification Report,,,macro avg,0.967804878,0.965986395,0.966776196,91
Genetic Algorithm,,,,MW1 Classification Report,,,weighted avg,0.967204503,0.967032967,0.967000871,91
Genetic Algorithm,PC1,Accuracy,0.968992248,PC1 Performance Metrics,,,,,,,
Genetic Algorithm,PC1,Precision,0.959349593,PC1 Performance Metrics,,,,,,,
Genetic Algorithm,PC1,Recall,0.975206612,PC1 Performance Metrics,,,,,,,
Genetic Algorithm,PC1,F1 Score,0.967213115,PC1 Performance Metrics,,,,,,,
Genetic Algorithm,PC1,AUC,0.989443204,PC1 Performance Metrics,,,,,,,
Genetic Algorithm,PC1,,,PC1 Best Hyperparameters,n_estimators,253,,,,,
Genetic Algorithm,PC1,,,PC1 Best Hyperparameters,max_depth,13,,,,,
Genetic Algorithm,PC1,,,PC1 Best Hyperparameters,learning_rate,0.194183693,,,,,
Genetic Algorithm,PC1,,,PC1 Best Hyperparameters,min_child_weight,8,,,,,
Genetic Algorithm,PC1,,,PC1 Best Hyperparameters,subsample,0.870394672,,,,,
Genetic Algorithm,PC1,,,PC1 Best Hyperparameters,colsample_bytree,0.837614711,,,,,
Genetic Algorithm,,,,PC1 Classification Report,,,0,0.977777778,0.96350365,0.970588235,137
Genetic Algorithm,,,,PC1 Classification Report,,,1,0.959349593,0.975206612,0.967213115,121
Genetic Algorithm,,,,PC1 Classification Report,,,accuracy,0.968992248,0.968992248,0.968992248,0.968992248
Genetic Algorithm,,,,PC1 Classification Report,,,macro avg,0.968563686,0.969355131,0.968900675,258
Genetic Algorithm,,,,PC1 Classification Report,,,weighted avg,0.969135102,0.968992248,0.96900533,258
Genetic Algorithm,PC2,Accuracy,0.996575342,PC2 Performance Metrics,,,,,,,
Genetic Algorithm,PC2,Precision,0.993333333,PC2 Performance Metrics,,,,,,,
Genetic Algorithm,PC2,Recall,1,PC2 Performance Metrics,,,,,,,
Genetic Algorithm,PC2,F1 Score,0.996655518,PC2 Performance Metrics,,,,,,,
Genetic Algorithm,PC2,AUC,0.999812268,PC2 Performance Metrics,,,,,,,
Genetic Algorithm,PC2,,,PC2 Best Hyperparameters,n_estimators,154,,,,,
Genetic Algorithm,PC2,,,PC2 Best Hyperparameters,max_depth,11,,,,,
Genetic Algorithm,PC2,,,PC2 Best Hyperparameters,learning_rate,0.229379578,,,,,
Genetic Algorithm,PC2,,,PC2 Best Hyperparameters,min_child_weight,4,,,,,
Genetic Algorithm,PC2,,,PC2 Best Hyperparameters,subsample,0.732534184,,,,,
Genetic Algorithm,PC2,,,PC2 Best Hyperparameters,colsample_bytree,0.531537953,,,,,
Genetic Algorithm,,,,PC2 Classification Report,,,0,1,0.993006993,0.996491228,143
Genetic Algorithm,,,,PC2 Classification Report,,,1,0.993333333,1,0.996655518,149
Genetic Algorithm,,,,PC2 Classification Report,,,accuracy,0.996575342,0.996575342,0.996575342,0.996575342
Genetic Algorithm,,,,PC2 Classification Report,,,macro avg,0.996666667,0.996503497,0.996573373,292
Genetic Algorithm,,,,PC2 Classification Report,,,weighted avg,0.996598174,0.996575342,0.996575061,292
Genetic Algorithm,PC3,Accuracy,0.94973545,PC3 Performance Metrics,,,,,,,
Genetic Algorithm,PC3,Precision,0.934343434,PC3 Performance Metrics,,,,,,,
Genetic Algorithm,PC3,Recall,0.968586387,PC3 Performance Metrics,,,,,,,
Genetic Algorithm,PC3,F1 Score,0.951156812,PC3 Performance Metrics,,,,,,,
Genetic Algorithm,PC3,AUC,0.984237198,PC3 Performance Metrics,,,,,,,
Genetic Algorithm,PC3,,,PC3 Best Hyperparameters,n_estimators,187,,,,,
Genetic Algorithm,PC3,,,PC3 Best Hyperparameters,max_depth,4,,,,,
Genetic Algorithm,PC3,,,PC3 Best Hyperparameters,learning_rate,0.277132089,,,,,
Genetic Algorithm,PC3,,,PC3 Best Hyperparameters,min_child_weight,1,,,,,
Genetic Algorithm,PC3,,,PC3 Best Hyperparameters,subsample,0.922154057,,,,,
Genetic Algorithm,PC3,,,PC3 Best Hyperparameters,colsample_bytree,0.564939841,,,,,
Genetic Algorithm,,,,PC3 Classification Report,,,0,0.966666667,0.930481283,0.948228883,187
Genetic Algorithm,,,,PC3 Classification Report,,,1,0.934343434,0.968586387,0.951156812,191
Genetic Algorithm,,,,PC3 Classification Report,,,accuracy,0.94973545,0.94973545,0.94973545,0.94973545
Genetic Algorithm,,,,PC3 Classification Report,,,macro avg,0.950505051,0.949533835,0.949692848,378
Genetic Algorithm,,,,PC3 Classification Report,,,weighted avg,0.950334028,0.94973545,0.949708339,378
Genetic Algorithm,PC4,Accuracy,0.972972973,PC4 Performance Metrics,,,,,,,
Genetic Algorithm,PC4,Precision,0.953389831,PC4 Performance Metrics,,,,,,,
Genetic Algorithm,PC4,Recall,0.995575221,PC4 Performance Metrics,,,,,,,
Genetic Algorithm,PC4,F1 Score,0.974025974,PC4 Performance Metrics,,,,,,,
Genetic Algorithm,PC4,AUC,0.993586101,PC4 Performance Metrics,,,,,,,
Genetic Algorithm,PC4,,,PC4 Best Hyperparameters,n_estimators,251,,,,,
Genetic Algorithm,PC4,,,PC4 Best Hyperparameters,max_depth,13,,,,,
Genetic Algorithm,PC4,,,PC4 Best Hyperparameters,learning_rate,0.293067544,,,,,
Genetic Algorithm,PC4,,,PC4 Best Hyperparameters,min_child_weight,1,,,,,
Genetic Algorithm,PC4,,,PC4 Best Hyperparameters,subsample,0.997003095,,,,,
Genetic Algorithm,PC4,,,PC4 Best Hyperparameters,colsample_bytree,0.80965629,,,,,
Genetic Algorithm,,,,PC4 Classification Report,,,0,0.995192308,0.949541284,0.971830986,218
Genetic Algorithm,,,,PC4 Classification Report,,,1,0.953389831,0.995575221,0.974025974,226
Genetic Algorithm,,,,PC4 Classification Report,,,accuracy,0.972972973,0.972972973,0.972972973,0.972972973
Genetic Algorithm,,,,PC4 Classification Report,,,macro avg,0.974291069,0.972558253,0.97292848,444
Genetic Algorithm,,,,PC4 Classification Report,,,weighted avg,0.97391447,0.972972973,0.972948255,444
